trump,video,female,pid,age,educ
85,0,0,6,29,8
85,0,0,5,26,12
60,1,0,2,23,8
60,2,0,4,58,8
0,2,1,2,38,8
50,1,0,4,60,13
0,3,0,0,58,4
85,1,1,3,56,8
60,1,0,4,45,8
50,2,1,2,30,9
30,3,0,4,30,12
85,0,0,1,67,11
0,3,1,0,62,13
60,4,0,0,51,8
0,3,0,0,46,13
100,3,0,6,70,12
0,3,1,0,30,13
15,4,1,5,67,9
85,0,1,5,66,8
90,1,1,5,32,11
0,3,1,4,56,9
60,2,1,4,65,13
60,1,0,4,61,7
70,0,0,4,34,6
70,1,1,3,25,8
0,4,0,2,73,13
40,2,1,3,67,8
60,0,1,1,35,13
100,0,1,6,73,9
100,1,0,4,69,12
40,4,1,5,41,12
15,4,0,1,67,15
85,0,0,6,54,10
85,0,0,2,48,3
0,2,1,1,26,9
60,1,1,6,25,10
0,4,1,0,46,12
100,0,0,6,59,10
70,0,1,4,39,11
0,4,1,1,52,12
70,1,0,4,46,10
30,2,1,0,61,13
85,2,0,5,55,10
15,4,1,0,35,15
30,3,1,2,24,11
0,4,0,0,61,12
0,3,1,0,52,12
70,1,0,4,56,8
0,2,0,0,68,9
0,3,1,0,76,9
50,1,0,4,31,12
40,2,1,5,19,12
0,4,0,0,57,13
40,0,1,4,32,8
15,2,0,0,45,11
0,4,1,1,50,6
15,4,1,0,68,13
0,4,0,0,60,9
15,2,1,2,36,12
0,4,1,1,27,6
8,1,1,4,46,9
20,2,0,2,35,9
40,0,1,4,44,8
0,0,0,0,55,8
15,1,1,0,69,12
0,3,0,2,55,12
10,2,0,2,31,12
0,4,0,2,68,13
60,1,0,4,42,15
85,2,1,6,82,8
0,4,0,0,30,9
40,2,1,4,23,12
30,2,0,5,51,8
50,0,1,3,66,13
70,2,1,5,29,11
0,4,1,0,36,12
0,3,1,0,47,12
70,2,0,3,61,8
0,4,1,0,26,12
70,4,1,0,83,2
30,3,0,2,51,12
0,4,0,5,36,8
60,2,1,2,68,10
50,1,1,4,34,9
70,1,1,4,58,9
30,2,0,4,69,12
50,3,0,2,19,9
15,3,0,1,30,8
70,1,1,3,75,8
70,0,0,4,50,8
15,2,0,0,54,12
30,2,1,0,38,8
60,0,1,5,27,9
85,0,1,4,69,10
40,2,1,4,33,8
70,1,0,5,26,8
40,2,1,5,34,11
0,4,1,2,33,12
60,2,0,5,57,9
0,0,0,4,27,10
100,0,1,4,38,8
0,2,0,0,81,8
40,3,1,2,75,8
100,0,1,6,74,10
30,4,0,2,43,12
15,3,0,0,58,12
0,4,1,2,36,12
30,4,1,5,23,12
70,0,1,6,88,9
60,2,1,4,57,8
0,4,1,0,59,13
60,2,1,6,86,13
60,2,1,3,84,9
0,4,0,0,45,12
0,4,1,0,72,12
30,2,0,2,36,12
15,4,1,4,50,9
30,2,0,1,68,8
15,4,0,0,69,12
100,0,1,4,62,9
70,1,0,4,42,10
60,0,1,1,42,9
70,0,0,4,25,10
60,2,0,4,55,10
15,3,1,0,76,13
0,4,1,0,31,12
0,3,0,2,35,12
50,3,0,0,25,8
0,2,1,6,34,8
70,1,1,3,38,9
15,3,1,1,52,13
0,3,1,1,65,9
70,1,1,6,45,12
70,1,0,6,59,11
0,2,0,4,25,9
0,3,1,0,37,13
0,4,1,0,66,8
50,3,1,0,57,8
50,2,0,1,24,11
50,3,0,4,23,9
60,0,0,2,43,12
40,2,1,4,58,12
30,0,1,0,42,8
0,3,1,1,57,9
0,0,1,2,30,3
100,2,1,5,87,8
70,2,0,6,56,11
35,2,0,5,23,11
0,3,0,5,71,11
15,3,1,0,19,8
40,1,0,2,44,8
0,2,1,3,21,10
30,0,1,4,23,6
15,4,1,0,41,12
75,1,1,6,78,6
100,0,1,6,74,12
85,0,0,4,53,12
40,4,0,5,63,11
60,0,1,6,65,10
40,1,1,5,64,12
0,3,0,6,24,13
30,4,0,2,50,8
50,2,1,2,23,8
0,3,0,0,25,12
30,2,1,4,44,12
0,4,1,0,76,13
0,4,0,4,68,13
50,1,1,4,21,9
0,4,1,1,67,10
85,1,1,6,68,8
0,4,1,0,35,13
70,0,0,5,61,9
0,4,0,1,25,12
85,2,0,0,67,11
30,4,1,4,68,13
0,4,0,3,32,8
70,0,0,4,62,10
70,1,1,6,69,13
90,2,0,6,26,12
60,0,0,4,38,8
0,3,1,3,50,12
15,4,1,2,54,13
70,0,0,6,45,13
40,3,1,4,60,12
100,0,1,6,70,9
100,2,1,6,57,13
85,2,1,4,59,7
0,3,1,0,76,9
30,3,0,5,61,8
15,2,0,2,20,9
15,3,1,5,40,11
0,4,0,0,24,12
0,2,0,2,24,9
50,1,0,5,61,8
0,0,1,0,63,6
40,3,0,0,51,13
70,1,1,4,30,12
0,0,0,3,60,10
0,4,1,0,63,9
60,1,0,3,63,12
0,4,1,0,25,12
70,2,1,1,72,12
0,4,1,2,60,13
70,2,0,6,62,8
85,1,0,6,80,8
60,1,0,1,22,8
0,4,1,3,26,11
0,2,1,4,64,4
0,4,1,1,23,8
100,0,0,0,38,8
15,4,1,1,19,9
0,4,1,0,31,9
70,0,1,6,59,11
70,3,0,5,45,6
40,2,1,3,66,12
50,2,0,6,23,9
15,3,1,1,26,13
85,1,0,6,59,8
60,1,1,2,63,12
60,0,0,1,77,5
50,4,0,1,28,8
60,1,0,6,27,12
40,0,1,5,20,8
60,1,0,2,50,11
0,2,1,2,71,8
50,4,1,1,34,8
60,4,1,0,49,8
30,1,0,2,27,9
70,1,0,6,48,10
15,0,0,5,49,8
0,4,0,1,24,8
50,1,0,2,56,2
40,1,0,3,24,9
100,0,1,6,63,10
0,4,0,2,71,12
40,1,0,4,44,9
15,4,1,3,21,8
50,4,0,4,21,8
85,1,1,5,29,12
10,4,0,2,76,5
70,0,1,5,42,12
50,4,1,1,24,7
70,2,0,3,74,9
15,3,1,5,30,13
100,1,1,6,61,11
0,4,1,1,48,12
0,4,1,2,50,12
60,0,1,1,36,8
0,4,0,2,58,13
15,2,0,2,30,13
0,4,1,2,52,12
15,1,0,6,54,13
100,0,0,6,70,12
40,2,1,4,81,11
70,1,0,4,41,10
0,3,0,2,23,12
75,1,0,6,46,9
0,4,1,0,72,10
0,4,1,0,59,8
30,4,1,0,57,6
10,2,0,1,35,11
40,1,1,2,40,12
0,3,1,2,55,12
0,4,0,3,28,11
0,4,1,0,58,13
100,0,1,6,60,10
100,0,1,6,57,12
0,4,1,2,47,8
0,4,1,2,59,12
10,1,0,1,84,11
30,1,0,4,50,12
40,2,1,1,47,12
70,3,1,6,57,12
30,1,0,6,24,9
0,2,1,5,62,13
0,4,0,0,60,15
70,1,1,6,66,7
0,4,0,1,30,9
70,1,0,4,90,14
0,4,1,0,23,12
60,0,1,3,28,8
30,3,1,2,39,12
15,2,0,3,46,10
40,2,0,1,61,13
0,4,1,0,40,11
70,0,0,5,40,14
30,3,1,1,31,13
30,4,1,0,66,8
85,1,0,5,48,9
0,3,0,1,59,7
0,2,0,0,58,2
0,4,1,2,37,13
60,2,0,5,34,12
0,4,0,2,36,14
85,0,0,4,41,12
0,3,1,0,58,12
0,3,0,0,75,11
85,2,0,6,88,8
0,4,1,0,50,12
15,4,1,2,38,13
15,1,0,4,63,12
60,1,1,6,47,11
0,4,0,4,32,13
100,0,1,6,59,8
0,4,1,0,76,12
70,0,1,6,48,12
0,4,1,0,66,10
50,0,0,6,54,10
60,1,1,4,60,12
85,0,0,5,26,10
85,2,1,4,66,12
15,2,1,0,42,10
0,4,1,1,33,12
85,0,0,5,21,6
85,1,0,4,47,9
15,1,1,1,52,11
0,2,0,1,52,8
15,2,0,2,35,12
70,1,0,4,55,9
15,4,1,2,61,12
50,4,0,2,54,7
0,4,1,3,36,10
50,1,1,6,57,8
85,0,0,6,82,12
30,4,0,0,72,7
0,4,0,2,80,9
0,4,0,0,52,9
60,1,1,4,21,8
0,4,1,3,20,9
85,1,0,5,55,7
0,4,1,1,47,13
30,4,1,0,73,10
60,2,1,1,41,8
60,1,0,5,27,12
50,2,1,2,45,9
100,1,0,6,51,10
70,0,0,4,34,9
70,1,0,6,80,12
100,1,1,4,48,8
70,0,1,4,35,12
70,1,1,4,76,10
0,4,1,4,33,12
60,2,1,6,48,13
15,3,0,3,29,12
0,4,1,0,67,12
60,3,0,4,39,11
85,1,0,6,27,12
70,1,0,4,71,9
0,4,1,1,42,12
0,3,1,1,36,13
40,4,1,4,53,4
0,3,1,2,21,8
0,4,0,0,35,12
0,4,1,1,66,12
70,1,1,6,49,12
0,4,1,1,68,8
100,0,0,6,63,9
60,1,1,6,88,13
30,0,0,5,23,8
40,4,1,4,27,10
85,1,1,6,69,12
40,1,1,2,26,9
30,4,1,5,42,9
70,0,0,4,74,12
0,3,1,3,26,8
60,2,1,6,81,12
70,1,1,4,49,8
85,1,0,6,59,11
0,1,1,1,42,13
40,1,0,3,34,8
15,4,1,2,46,12
60,1,0,4,36,12
40,0,0,4,63,12
50,2,1,2,45,8
40,3,1,3,73,9
70,1,1,6,83,8
70,2,0,5,56,14
0,2,1,1,43,12
0,4,1,0,46,14
70,2,0,5,21,8
85,0,0,6,74,9
30,2,0,3,61,9
30,4,1,1,67,12
50,3,1,2,65,8
50,2,1,3,41,10
50,2,1,4,66,8
15,1,0,3,54,12
30,1,0,4,35,9
0,4,1,0,45,9
0,3,1,4,31,12
40,2,0,2,40,12
0,3,1,3,34,9
85,1,0,6,71,13
85,1,1,2,76,9
15,3,0,3,34,9
30,0,0,5,27,7
85,3,0,4,68,11
100,0,1,4,76,8
0,4,1,0,69,13
70,0,1,5,68,9
30,1,0,6,64,12
100,0,0,6,52,10
0,4,0,1,68,9
70,2,1,6,53,12
70,1,1,4,26,12
40,2,0,4,37,8
50,2,1,4,69,12
0,3,0,2,74,15
85,0,0,5,21,11
60,1,1,6,42,11
75,0,0,6,50,10
60,0,0,6,45,10
70,1,1,4,60,9
70,2,1,6,53,12
60,2,1,1,29,12
30,2,1,0,53,10
0,4,1,0,32,12
15,4,0,3,31,12
40,2,1,6,77,12
70,1,1,6,29,12
0,0,0,0,50,9
0,4,0,2,42,13
0,4,1,3,59,8
70,1,0,6,53,12
0,4,1,1,65,12
0,4,0,2,72,10
60,0,0,6,38,12
85,2,1,5,71,12
85,1,0,6,51,13
70,1,1,5,34,8
70,0,1,6,54,12
100,0,0,6,53,10
40,4,0,0,56,9
15,4,0,0,27,9
0,4,0,3,21,9
0,3,0,0,66,10
0,4,1,0,81,8
85,2,1,1,70,9
0,4,0,2,79,13
40,4,1,0,54,4
0,4,1,0,50,9
0,3,0,0,39,12
0,4,1,3,54,11
21,2,0,1,23,12
0,4,0,0,46,11
100,1,1,4,78,9
0,4,1,0,70,8
0,3,0,0,55,15
0,4,0,4,28,6
70,4,1,6,80,9
0,2,0,2,30,12
0,0,0,3,38,9
0,4,1,0,60,12
85,0,0,6,80,13
15,3,0,1,39,10
0,4,1,1,58,10
60,1,0,4,58,9
85,0,1,6,23,8
50,1,0,2,26,10
40,0,1,6,62,8
0,4,1,3,34,12
70,2,1,6,29,7
85,1,1,4,36,8
0,4,0,2,25,9
0,4,1,0,67,9
0,1,0,2,27,9
85,4,0,6,24,9
85,4,0,5,52,10
0,4,1,2,23,8
30,1,1,5,27,8
50,4,1,2,29,8
0,4,1,0,90,13
0,4,1,2,46,9
40,0,0,5,81,13
0,3,0,2,68,10
85,0,0,6,39,10
15,2,1,1,34,12
70,1,0,5,19,8
30,1,1,4,65,13
0,3,1,1,31,9
50,0,0,4,35,9
85,1,1,6,65,11
100,2,0,6,45,10
0,3,1,2,57,10
15,4,0,2,43,12
0,3,1,1,26,12
60,0,1,1,47,9
20,3,0,5,62,12
15,3,0,0,36,12
0,4,1,0,74,9
50,4,1,0,54,2
60,0,0,4,45,12
100,1,1,6,57,8
0,3,1,2,38,12
35,2,0,6,60,12
40,2,1,6,22,6
0,4,0,1,29,8
0,3,1,0,60,9
60,2,0,4,75,3
50,2,0,3,66,8
0,4,0,1,64,12
70,0,1,3,32,11
50,0,1,4,44,9
85,1,1,6,49,12
0,4,1,1,29,13
30,4,0,1,39,8
60,2,0,5,62,11
15,4,1,0,57,9
0,1,0,0,66,8
15,2,0,3,77,13
0,1,1,0,58,10
50,1,0,4,31,8
0,3,0,6,59,12
100,0,1,4,59,10
70,4,0,3,56,9
40,2,0,4,44,12
30,1,1,5,24,12
100,0,0,4,24,8
0,4,1,0,51,13
85,1,0,4,62,9
0,4,1,2,36,13
0,3,1,1,34,8
0,4,0,0,51,13
70,1,1,5,53,9
0,4,1,5,58,12
40,2,1,3,63,12
0,4,0,2,42,9
50,0,0,4,21,11
70,3,1,1,76,12
60,1,0,1,74,11
50,0,0,4,63,11
15,3,1,0,51,12
0,4,0,1,53,7
60,2,0,0,38,13
0,4,1,0,42,9
40,2,1,4,35,8
60,2,1,1,41,6
0,2,1,0,51,12
60,1,1,6,60,12
50,1,0,3,85,8
85,0,0,5,56,5
0,4,0,1,28,13
85,1,1,1,52,9
70,2,0,5,79,15
0,4,0,0,48,12
0,4,0,2,62,10
100,1,1,6,65,9
30,3,1,1,52,12
85,0,0,6,48,9
70,0,1,1,87,8
30,1,0,4,75,15
60,4,1,4,39,10
10,2,0,5,22,8
30,2,1,3,29,11
0,2,0,0,81,15
0,4,0,0,34,15
0,2,1,4,54,13
15,3,1,2,72,2
15,0,1,0,68,13
15,4,0,1,53,10
0,4,1,0,35,8
40,4,0,0,57,8
100,1,0,4,75,8
50,2,0,5,60,13
85,1,1,6,57,12
15,4,1,2,48,9
50,1,1,4,34,12
70,0,0,6,87,13
100,0,1,0,66,8
0,2,1,2,36,12
0,4,0,2,37,15
0,1,0,1,49,11
0,4,1,4,31,8
30,1,0,4,34,12
0,4,1,2,34,11
70,1,0,2,54,13
60,2,0,6,35,8
15,3,1,5,74,9
0,3,0,2,33,12
0,4,1,3,60,11
60,1,1,4,71,10
0,4,1,0,59,12
30,4,1,2,80,8
15,4,1,0,52,13
15,3,1,0,31,9
60,1,0,5,43,10
0,4,0,0,51,12
50,2,1,3,37,2
50,2,0,3,31,7
15,4,1,1,43,9
85,2,0,3,54,8
0,4,1,0,37,12
0,3,0,2,67,12
60,2,0,5,50,13
60,2,0,2,64,12
0,2,0,1,37,13
30,3,1,2,50,13
0,4,0,2,74,12
70,2,0,6,53,12
70,3,0,6,66,12
70,0,0,4,47,8
0,4,0,3,37,12
60,0,0,4,38,8
60,1,0,4,31,9
70,2,0,5,71,8
70,1,1,1,30,10
15,1,0,2,30,10
85,0,1,6,46,12
100,1,1,6,68,13
60,0,0,6,57,11
0,4,1,0,67,8
0,4,1,0,18,8
0,3,0,0,67,13
0,0,0,0,40,9
70,1,0,0,37,9
15,4,0,1,77,15
0,3,1,3,56,12
85,0,1,4,47,11
15,4,1,0,75,8
0,3,0,0,71,13
30,3,1,2,67,12
40,1,0,4,26,8
15,3,1,5,25,12
30,3,1,4,31,14
0,4,1,0,27,9
0,3,1,3,38,9
0,4,1,0,39,12
70,1,1,6,74,9
0,4,1,0,63,9
60,1,1,5,18,7
70,2,0,2,65,10
60,1,0,4,85,13
15,4,1,3,53,11
100,0,0,6,66,9
0,4,1,0,89,2
85,2,1,6,55,13
0,4,1,2,47,13
40,4,0,1,66,8
60,1,0,1,66,7
60,1,1,3,37,10
50,0,1,6,83,13
60,1,0,4,23,8
85,0,1,6,22,10
60,2,1,6,42,11
0,4,1,0,27,13
0,4,1,0,79,9
0,4,1,0,30,13
40,4,0,1,55,8
0,2,1,0,22,8
100,1,0,4,46,8
30,4,0,4,36,8
0,4,0,2,29,9
70,1,0,6,35,13
0,4,1,1,23,9
40,3,1,6,26,8
15,1,1,2,51,13
85,0,0,5,75,8
20,1,1,6,56,12
0,4,1,0,67,9
85,0,0,5,49,8
85,2,1,6,61,8
100,0,0,6,25,9
0,3,1,0,45,13
30,2,0,5,74,11
85,1,1,6,61,9
10,4,0,5,31,12
60,1,1,5,62,8
70,1,1,5,82,7
30,3,0,0,20,9
70,0,1,3,61,13
40,2,0,1,47,13
70,2,0,2,54,5
30,0,1,3,70,11
70,0,1,2,28,10
10,0,1,4,45,8
0,4,0,0,60,9
60,1,0,4,74,12
0,4,0,2,33,14
30,3,0,3,52,8
9,4,0,2,31,8
15,2,0,4,57,9
85,0,1,5,60,12
40,0,0,4,25,8
0,1,0,6,74,8
15,1,1,4,42,9
50,1,0,5,46,12
0,4,1,0,50,13
70,1,0,4,59,9
50,2,0,4,56,9
50,0,0,3,61,7
0,3,1,1,34,9
40,1,0,3,55,8
0,4,0,2,37,8
40,1,1,5,20,8
50,4,0,0,62,9
30,0,0,4,26,12
0,3,1,1,45,11
60,2,0,6,50,8
40,1,1,2,21,8
50,2,0,2,56,14
0,4,0,0,63,8
0,3,1,0,85,9
0,4,1,1,33,10
100,0,0,6,26,9
50,2,0,5,56,8
70,2,0,6,68,14
15,2,1,6,46,12
0,3,1,3,42,8
0,3,0,0,51,10
85,0,0,6,20,8
60,1,0,4,36,12
70,0,1,4,47,10
0,4,0,2,47,15
70,0,0,4,37,11
70,1,0,5,51,12
10,3,1,0,68,15
70,1,1,6,37,9
0,3,1,0,53,5
0,3,1,1,32,12
0,4,0,2,53,7
15,4,0,1,67,13
0,3,1,2,65,10
40,2,0,5,83,12
40,4,1,0,53,8
0,2,1,3,41,8
30,2,1,2,36,9
50,2,1,2,23,8
15,0,0,4,55,11
0,4,1,0,54,9
0,4,0,2,47,9
0,4,0,0,80,13
30,3,1,5,59,8
30,3,0,1,23,11
85,1,0,5,63,12
0,2,0,0,59,10
90,1,0,4,49,12
0,3,1,1,76,6
0,4,1,0,33,13
60,2,0,6,81,8
40,2,0,3,62,8
0,4,0,1,64,9
30,1,1,5,30,12
100,1,1,6,62,10
50,3,1,1,38,8
0,4,1,4,45,12
60,1,1,4,31,9
15,4,1,0,42,13
0,4,0,0,23,11
15,3,0,2,21,9
0,4,0,2,44,12
70,1,1,5,51,11
0,4,1,2,59,12
60,2,1,3,81,9
85,3,0,6,77,13
0,2,1,1,68,9
30,0,0,3,32,4
20,4,0,0,65,8
60,0,0,4,85,8
0,2,0,5,56,8
0,3,0,0,58,13
40,1,1,0,50,8
0,4,0,1,37,11
0,4,1,0,69,9
15,2,0,1,66,7
85,0,1,5,46,12
40,3,0,5,53,10
65,1,1,3,46,12
0,4,1,1,37,13
60,4,0,2,18,6
0,4,1,0,67,11
30,1,1,1,28,12
85,1,1,6,65,8
30,4,0,1,45,12
60,2,0,6,18,6
40,0,0,5,33,12
40,4,0,5,24,9
60,2,0,4,29,9
0,4,0,1,49,15
85,0,0,5,47,12
85,1,1,3,19,9
0,4,1,0,47,10
0,4,1,0,71,10
0,1,0,3,57,8
70,2,0,4,64,8
0,4,1,2,59,11
15,2,1,2,58,9
50,1,0,2,36,6
85,0,1,6,47,12
100,0,1,6,31,12
40,1,1,0,72,9
85,3,1,1,54,10
50,2,0,3,70,7
15,4,1,5,24,8
70,0,1,6,90,12
60,0,1,5,38,11
100,2,1,3,43,8
50,4,0,2,20,8
15,4,0,2,24,12
0,4,1,0,80,12
85,0,0,5,64,12
70,0,1,6,68,12
70,3,0,3,35,7
0,4,0,0,46,14
70,1,0,3,33,8
85,2,0,6,73,11
50,4,0,4,70,10
0,2,1,0,53,15
70,4,1,0,37,9
100,1,1,1,79,8
70,0,0,4,60,8
15,1,0,1,76,9
0,4,0,0,70,8
70,1,1,4,72,12
0,1,1,5,50,11
30,1,1,4,34,9
60,0,1,6,46,5
85,1,0,6,68,9
0,4,1,0,25,12
100,4,0,3,71,8
0,4,1,1,37,9
80,0,0,2,50,8
30,2,0,2,37,8
0,4,1,1,41,8
0,4,1,1,20,9
60,2,0,3,32,9
40,0,1,5,59,13
0,4,0,2,23,12
85,2,0,4,62,12
52,1,1,0,41,8
0,4,1,2,74,13
85,0,0,6,40,13
60,0,1,6,30,14
15,1,0,5,31,12
30,2,0,4,34,12
70,4,0,5,58,8
0,4,1,0,68,13
60,1,0,5,32,9
15,4,1,0,78,2
15,3,0,2,45,12
0,3,1,2,46,13
0,4,1,0,44,10
15,3,0,2,25,12
0,4,1,2,34,11
0,4,0,2,28,13
60,1,0,5,33,12
50,0,0,5,44,8
70,1,0,4,37,12
100,1,0,6,68,10
15,3,1,0,36,9
60,1,0,6,24,8
70,1,1,2,33,10
0,4,0,0,62,8
15,2,0,1,73,12
30,3,1,1,18,9
0,4,1,0,53,14
50,0,0,4,33,10
0,3,1,0,68,12
85,0,1,5,29,9
60,0,1,1,40,8
85,1,1,6,49,12
40,2,1,4,33,12
15,2,1,2,89,8
0,4,1,2,69,9
85,0,0,6,52,12
70,2,0,5,45,12
60,1,0,5,44,12
60,0,0,6,80,12
50,0,1,3,56,5
0,4,1,1,36,13
35,4,0,1,18,11
100,0,1,6,71,11
0,4,1,3,35,9
40,1,0,3,29,12
0,4,0,0,40,8
40,2,0,5,56,12
85,2,1,4,66,12
85,2,1,4,70,8
0,2,1,1,26,12
100,0,1,4,37,9
85,0,1,6,54,8
50,3,1,6,64,8
0,3,0,0,49,12
0,4,0,2,20,6
85,1,0,4,67,13
30,2,0,1,29,12
30,3,0,6,54,12
85,1,0,2,38,5
50,2,0,5,24,12
40,3,0,3,53,7
85,1,1,6,64,12
40,4,0,2,24,9
0,4,1,2,68,12
0,3,0,2,45,12
60,1,1,5,34,10
0,2,1,3,37,9
60,2,1,0,72,8
30,3,1,0,71,11
60,0,0,4,75,9
70,0,0,4,23,12
40,0,0,3,53,12
15,2,1,1,56,14
0,4,1,0,21,10
60,1,1,4,53,8
0,4,1,0,57,8
15,3,1,6,24,11
30,2,0,0,85,8
85,0,1,6,56,8
70,0,0,5,38,9
0,3,1,1,38,12
0,3,1,3,58,6
0,4,1,0,41,13
0,4,0,0,50,6
0,4,1,3,31,8
0,4,1,0,44,11
0,1,1,1,27,12
0,4,1,3,41,10
100,0,0,3,68,9
85,0,0,4,71,8
60,1,1,4,67,8
60,1,1,2,25,10
0,4,0,0,81,14
0,2,0,0,64,0
85,0,0,5,68,14
0,4,1,2,59,11
85,0,0,5,25,10
50,1,0,1,48,8
0,3,0,5,28,13
0,2,0,0,37,13
70,2,1,5,50,9
50,3,1,5,90,8
70,1,1,4,76,9
15,1,1,4,19,9
100,0,1,6,61,9
0,4,1,0,52,15
0,1,0,6,28,12
0,3,1,0,66,15
2,4,0,3,51,10
0,4,0,5,56,11
0,4,1,0,20,9
50,2,1,2,26,9
0,0,0,0,41,8
0,4,0,0,25,12
100,2,1,6,60,8
0,4,1,0,64,9
0,0,1,3,49,9
0,4,1,1,36,12
48,2,0,3,62,8
60,0,0,6,59,12
71,0,1,4,55,9
91,1,1,4,34,13
70,1,0,4,59,9
0,2,1,0,63,15
77,2,0,6,45,11
0,4,1,3,21,10
3,1,0,2,58,9
15,2,0,6,25,12
100,0,1,0,52,8
2,4,1,0,65,9
70,1,0,6,57,12
85,2,0,4,69,9
15,2,0,4,54,13
4,4,1,2,55,13
54,4,1,2,46,11
70,1,0,6,70,9
0,4,0,0,79,7
85,1,0,5,54,8
1,4,1,0,33,9
60,0,1,3,81,5
0,2,1,3,28,14
5,3,1,2,32,12
0,2,0,5,38,15
0,2,1,3,36,9
0,4,1,0,44,12
65,2,0,5,46,11
0,4,1,0,55,9
0,3,0,5,73,15
100,0,0,5,64,5
0,4,1,3,33,9
0,4,1,0,46,8
0,4,1,3,53,12
0,4,1,0,90,12
0,4,0,1,23,11
60,3,1,0,74,9
85,4,1,3,77,9
15,2,1,1,22,14
62,3,1,6,20,9
45,3,1,5,34,13
0,4,0,0,69,10
0,4,1,2,37,9
51,1,0,5,46,13
85,0,0,6,33,12
70,1,0,6,21,8
30,2,0,5,40,12
15,2,1,0,60,10
85,1,1,5,40,13
70,0,0,6,44,9
0,4,1,0,19,9
70,1,0,5,79,12
70,2,0,5,46,11
100,1,0,3,63,8
60,0,0,5,30,12
0,1,0,3,38,7
40,2,1,1,65,8
86,1,0,6,44,11
75,1,1,4,82,8
70,1,1,5,54,9
0,4,1,0,70,11
85,1,0,6,66,13
100,0,0,6,68,12
15,4,1,3,18,8
100,1,1,6,38,9
100,0,1,6,38,12
1,3,1,0,69,13
0,4,0,5,55,15
15,4,1,5,73,13
72,4,1,1,62,8
0,3,1,3,39,12
60,0,1,3,59,9
30,4,0,5,73,9
30,2,0,4,53,8
70,3,0,4,56,9
0,2,1,0,65,15
30,2,0,0,66,9
100,0,1,6,28,9
85,0,1,6,55,8
0,3,1,1,34,10
60,1,0,4,49,12
60,2,0,0,77,13
0,2,1,5,39,9
0,4,1,2,25,9
70,1,1,6,58,12
0,3,0,0,50,13
0,4,1,5,50,11
40,4,0,5,54,15
60,2,0,0,69,10
40,2,0,2,50,13
49,1,1,6,41,12
85,0,0,6,61,12
100,0,0,6,34,8
0,2,1,3,73,7
16,3,0,0,42,13
0,4,1,1,37,12
0,4,0,0,27,13
40,1,0,3,75,12
40,1,0,2,38,12
0,2,1,4,67,9
0,4,1,3,34,8
60,1,1,6,34,13
0,4,1,2,28,9
1,4,1,0,54,13
15,3,1,0,33,8
0,4,1,3,32,4
60,0,1,6,78,12
30,0,1,3,67,13
65,1,0,6,28,12
85,1,0,6,32,12
2,4,1,3,26,9
30,1,0,5,32,12
40,1,1,2,38,9
15,3,1,1,47,12
60,0,0,2,35,9
85,1,0,6,64,9
0,4,1,1,56,8
15,2,1,3,33,9
0,4,0,0,46,8
0,4,1,0,68,9
70,1,1,4,66,13
0,4,1,0,86,12
0,3,1,2,27,9
0,4,0,1,44,12
42,0,0,4,25,9
15,4,1,2,75,13
100,0,0,6,47,10
60,1,1,3,37,12
100,1,0,4,31,13
30,2,0,4,60,13
100,0,1,6,74,9
0,4,1,0,39,12
0,4,0,0,34,8
30,4,0,2,63,12
0,4,0,0,61,8
15,3,1,3,39,13
0,4,1,0,48,12
0,4,0,0,35,12
55,0,0,3,56,12
50,2,0,3,64,8
85,1,1,5,37,8
0,3,0,0,64,14
86,1,0,4,46,8
2,2,0,0,36,13
60,2,1,4,56,9
60,1,0,6,67,12
70,0,1,6,82,9
50,2,0,0,23,8
100,0,1,5,45,8
15,4,1,1,64,12
100,0,0,5,33,9
0,4,0,2,59,13
30,3,1,1,53,8
0,4,1,0,57,8
70,1,1,0,84,9
100,1,0,4,66,12
85,1,0,6,49,13
60,0,0,3,60,12
0,0,0,0,44,8
0,3,0,1,24,12
84,0,1,6,65,12
40,2,0,4,45,14
30,0,0,4,39,13
60,0,0,3,35,11
15,3,1,1,48,12
0,3,1,0,62,7
40,4,1,1,66,12
0,4,1,2,69,12
100,0,1,3,73,5
99,0,0,6,58,9
85,2,1,0,54,10
0,3,1,1,70,8
85,0,1,5,50,8
85,2,0,4,69,11
0,0,1,1,56,11
2,4,1,0,59,9
0,4,0,0,53,15
1,4,1,0,60,12
0,3,1,2,58,10
10,3,0,3,31,12
100,1,0,5,33,10
60,1,0,3,48,13
70,2,1,5,46,12
16,2,0,3,34,8
1,4,0,0,35,12
1,4,0,2,36,10
0,4,1,0,80,9
40,3,0,0,40,12
40,2,0,1,20,11
100,0,0,5,58,5
70,0,0,5,43,13
50,4,0,0,36,8
73,1,0,6,49,15
41,1,0,6,56,9
80,1,1,4,46,9
81,0,1,4,76,9
6,3,0,0,19,9
86,0,1,3,32,11
1,4,1,1,39,13
85,0,0,4,59,13
1,4,1,2,41,15
61,1,0,3,34,8
41,1,1,5,30,11
100,1,1,5,39,13
40,1,1,3,57,9
50,4,0,0,33,9
8,4,1,2,35,12
15,3,1,1,57,12
70,0,0,6,59,8
90,0,0,6,85,9
70,1,0,6,74,8
0,4,1,1,31,9
5,2,0,1,21,11
85,0,0,6,68,12
30,2,0,4,31,9
40,4,1,6,87,9
100,3,0,2,22,8
0,3,1,0,32,12
0,3,0,5,63,14
80,1,1,2,55,8
0,4,0,6,55,13
100,0,0,6,69,7
85,4,1,6,80,8
0,3,1,0,51,13
0,4,1,0,61,11
0,4,0,0,63,8
5,3,0,2,71,9
15,0,0,1,46,12
0,2,1,0,34,13
0,4,0,1,25,9
41,2,1,4,49,12
85,1,1,6,61,8
65,2,0,5,39,12
0,4,1,2,20,11
75,0,0,6,72,12
0,3,0,0,76,12
2,4,0,0,41,11
15,4,1,0,50,13
16,3,1,0,73,11
50,0,0,1,32,4
85,2,0,4,67,12
34,2,1,2,56,11
84,2,1,6,59,9
85,1,1,1,34,8
15,4,1,2,70,10
0,1,0,0,57,9
0,2,1,3,54,13
40,2,1,1,35,12
3,4,0,2,53,7
15,4,1,1,67,12
0,4,1,0,21,8
0,4,1,1,20,9
50,0,0,3,23,8
85,2,1,6,58,9
83,0,1,6,81,8
17,4,1,1,61,9
15,3,1,5,55,8
0,4,1,2,58,12
60,1,1,6,40,9
85,0,1,6,62,9
0,4,1,1,36,12
70,0,1,1,57,10
70,2,0,5,63,11
0,3,0,5,34,4
60,0,1,5,20,8
61,0,0,3,32,10
40,2,0,6,59,12
70,1,1,6,52,9
0,4,1,0,65,13
10,4,1,1,21,11
70,1,1,5,60,9
94,0,1,6,63,8
85,0,1,5,57,9
0,4,1,0,51,8
40,2,0,1,67,12
0,3,1,2,29,12
50,1,0,3,21,8
0,4,1,3,58,8
62,1,0,4,61,12
0,4,1,1,31,9
0,4,1,1,21,9
84,0,0,3,35,8
60,0,0,6,30,9
1,4,0,0,52,12
85,0,0,6,88,13
15,4,0,1,60,7
0,4,1,1,64,12
70,0,0,4,63,9
40,1,1,2,29,12
15,4,0,5,66,12
0,3,0,0,83,7
100,0,0,6,49,9
100,3,0,6,65,11
0,4,1,0,37,12
40,4,0,3,64,13
15,2,1,5,33,12
60,1,1,1,72,13
70,0,1,6,71,9
15,4,0,3,30,12
60,4,1,1,21,9
52,1,0,1,45,8
60,0,1,1,40,9
0,4,1,0,49,9
91,1,0,3,57,12
2,4,1,0,25,12
40,1,1,4,35,12
0,3,0,1,33,8
30,3,1,2,41,12
0,0,1,0,67,13
85,0,0,6,27,12
0,4,1,0,47,11
60,1,0,5,18,7
90,0,0,4,35,8
15,1,1,1,53,12
50,4,1,0,62,8
2,4,1,2,72,13
100,1,0,5,22,8
51,3,0,3,33,9
0,4,1,1,49,13
0,4,1,0,18,8
50,0,0,3,46,9
40,3,0,4,55,7
15,2,0,1,50,12
60,0,0,4,64,12
1,1,1,3,41,9
15,2,0,5,31,14
60,3,1,6,82,13
70,1,0,6,58,9
0,3,1,2,68,13
85,0,0,2,60,12
15,0,0,1,47,13
70,0,0,6,64,12
60,1,1,6,74,14
70,0,0,4,71,8
100,0,0,4,54,9
85,3,0,6,39,12
0,2,0,0,68,8
0,2,0,2,20,9
84,0,0,4,51,6
30,0,1,4,31,12
85,0,1,6,43,12
2,4,1,0,36,10
2,3,1,0,58,9
0,4,1,1,82,12
40,3,1,4,62,9
0,4,0,0,53,14
70,2,0,5,56,8
0,3,1,1,54,12
85,2,1,6,72,8
85,0,1,6,54,8
85,0,0,3,59,9
60,2,1,3,49,11
1,3,0,0,25,12
41,0,0,6,68,13
40,3,0,5,42,9
63,0,1,6,84,8
60,2,1,1,35,9
0,2,0,5,19,9
40,3,0,5,46,9
0,1,1,3,62,8
40,3,0,4,52,13
0,4,1,0,48,13
36,2,1,3,65,14
0,0,1,6,55,8
60,1,1,5,46,11
0,1,0,0,54,13
15,4,1,0,49,9
0,4,0,3,31,8
0,3,0,0,67,15
70,0,0,5,55,12
70,2,0,5,18,6
61,1,0,3,54,8
65,3,1,5,56,8
60,0,0,6,42,12
80,0,1,6,21,9
60,3,1,5,83,8
0,3,1,0,57,15
15,3,0,6,66,12
49,2,0,5,42,13
0,4,1,1,56,12
10,2,0,5,29,12
100,0,0,6,77,12
62,3,0,6,51,10
0,4,0,2,36,14
70,0,0,5,35,9
0,2,1,1,28,13
0,4,1,0,29,12
100,0,1,5,48,9
85,0,0,5,81,11
60,0,1,5,77,8
1,2,1,2,47,13
15,4,1,2,30,14
26,3,1,1,37,15
16,3,0,3,31,12
1,4,0,0,51,8
0,4,1,2,19,9
85,1,0,5,32,12
0,4,1,0,48,10
74,3,1,3,56,9
0,3,1,3,35,8
15,2,0,4,51,13
100,1,1,6,43,9
85,2,0,6,78,9
2,3,0,0,64,15
0,4,1,2,90,9
0,4,0,6,34,13
0,3,1,2,46,9
20,2,0,4,24,9
15,2,1,5,68,9
60,0,0,6,59,12
85,2,0,5,53,12
85,0,0,4,83,8
40,2,0,4,51,12
71,1,1,5,68,12
85,2,1,4,75,10
1,4,1,0,65,13
60,1,1,4,34,9
0,4,1,2,27,12
70,0,1,6,51,8
30,0,1,1,46,12
100,0,1,6,32,9
100,0,0,6,70,9
0,4,0,0,68,10
70,0,1,4,36,12
0,4,0,0,39,12
30,2,1,1,44,13
18,1,0,1,26,12
70,0,1,6,62,8
0,4,1,0,57,8
19,3,1,3,73,8
70,0,1,1,32,9
0,4,1,1,84,9
0,4,0,0,25,12
100,1,1,6,72,13
15,2,0,2,48,13
0,4,0,3,61,9
10,4,0,0,28,12
50,2,0,4,55,9
0,3,0,2,54,9
76,0,1,4,28,10
5,3,0,1,37,13
30,1,0,0,60,10
70,0,1,5,37,10
40,3,0,3,51,10
60,3,1,5,51,9
0,4,1,0,75,9
0,4,0,2,21,11
100,4,0,2,47,12
46,1,1,6,63,8
1,4,1,2,23,12
31,3,0,2,26,11
2,4,1,0,65,9
1,4,0,0,64,12
100,1,1,6,41,9
0,2,0,5,59,9
70,0,1,6,61,8
0,3,0,3,25,8
0,4,0,1,41,8
0,4,1,0,62,8
0,4,0,0,19,8
65,1,1,6,25,12
17,3,0,3,72,9
0,4,1,5,67,12
70,1,0,6,44,13
30,2,1,4,57,11
60,0,0,5,32,9
10,2,0,4,42,10
0,4,1,0,74,12
1,4,1,2,37,9
50,4,1,1,64,9
0,4,1,0,29,14
85,0,0,6,86,9
7,3,1,5,19,9
0,4,1,0,74,8
70,1,0,4,64,12
98,1,0,6,55,12
0,4,1,3,73,9
85,0,1,5,41,8
0,1,0,2,74,14
15,2,1,3,33,12
39,2,1,1,66,8
15,4,0,3,53,9
15,4,1,1,22,9
100,0,1,6,34,12
51,2,0,5,46,12
15,4,0,0,72,9
85,1,1,5,64,11
0,3,0,2,21,9
100,0,1,6,72,9
30,4,1,5,52,9
0,4,0,2,27,12
85,0,0,4,68,9
60,0,0,3,32,8
0,4,0,2,56,10
50,0,0,4,66,12
100,0,0,2,24,8
99,0,0,5,27,10
92,0,0,6,80,4
70,1,0,6,46,10
60,2,0,6,68,12
40,3,0,5,42,9
17,4,1,1,69,9
0,4,1,2,59,13
70,1,1,6,31,10
15,3,0,0,33,13
40,1,1,6,59,8
40,2,1,3,66,12
100,0,1,6,50,8
50,0,0,3,19,9
84,0,0,6,79,9
60,1,0,6,65,13
0,4,1,0,39,9
60,0,0,5,54,15
70,1,0,6,60,14
1,4,0,0,34,14
0,4,1,0,33,9
85,1,1,6,60,8
32,2,0,1,62,12
100,1,0,6,28,13
85,2,0,4,52,13
1,4,0,0,73,13
1,3,1,0,90,8
60,3,0,5,68,7
17,0,1,0,90,9
0,4,0,0,30,8
0,2,0,0,49,9
0,4,0,0,75,11
0,2,0,2,34,14
1,4,1,1,41,13
0,2,0,1,36,8
0,3,0,4,76,9
0,4,0,6,29,12
10,4,0,0,20,9
70,1,0,6,49,9
5,2,1,0,35,13
70,1,1,3,74,8
15,3,1,2,26,12
62,0,0,5,37,12
40,4,0,3,57,11
95,0,1,6,41,11
85,2,0,4,48,7
87,1,0,3,67,8
10,2,0,5,63,13
0,2,0,0,41,12
51,0,0,3,31,10
0,0,0,3,41,9
65,1,0,6,55,10
15,3,1,0,26,12
1,2,1,1,24,9
50,0,0,3,45,13
40,1,0,4,69,9
60,2,1,5,60,10
70,2,1,3,57,9
100,1,0,5,29,11
0,0,1,0,70,12
3,2,0,1,81,13
50,0,0,0,60,12
70,1,1,6,50,10
1,4,0,1,41,15
62,2,1,5,22,11
0,4,1,0,32,13
2,4,1,1,19,9
0,4,1,0,24,8
1,4,1,0,60,8
0,4,1,1,41,10
30,4,1,0,80,10
60,4,1,4,60,13
60,0,0,6,26,9
30,1,1,3,59,8
4,3,1,1,38,12
2,4,1,3,47,12
71,1,0,6,63,13
60,2,0,5,73,12
0,4,0,0,32,12
30,1,1,5,37,8
10,3,0,5,26,9
85,0,1,4,73,9
50,2,1,1,20,4
60,0,1,6,57,9
85,1,0,6,27,12
48,2,1,1,63,11
40,0,1,5,50,12
0,4,0,0,55,13
70,1,1,5,86,8
0,3,1,0,60,14
30,2,1,0,35,11
50,2,1,6,49,9
85,0,0,6,58,12
70,2,1,6,62,10
30,3,0,5,54,12
98,0,0,6,28,12
0,4,1,1,67,11
15,3,1,3,70,10
85,2,1,6,37,11
100,0,0,3,27,12
10,4,1,0,28,13
30,2,1,2,23,9
0,4,1,0,37,13
0,4,1,0,64,13
6,4,1,6,77,12
85,1,1,6,74,12
100,4,0,6,33,9
85,0,0,6,31,9
49,0,0,5,49,8
15,1,1,1,64,13
10,3,0,5,38,12
75,1,1,6,53,12
0,4,1,0,70,12
70,2,1,5,52,13
0,3,1,0,38,9
0,3,1,2,42,12
41,2,1,6,57,9
70,0,1,2,39,12
0,2,0,5,52,8
0,3,0,2,53,8
0,4,0,0,59,11
60,2,0,4,57,10
0,0,1,0,37,4
40,3,0,1,41,12
59,3,0,4,22,12
90,1,0,3,60,9
15,4,0,0,49,13
40,0,1,6,31,8
0,1,0,2,31,12
40,3,0,4,34,12
70,0,0,4,53,8
2,3,1,3,46,9
0,3,1,2,36,12
40,2,0,6,57,12
100,2,0,3,34,14
0,3,1,4,59,12
14,1,1,4,34,8
80,1,0,6,45,13
0,4,1,2,30,12
0,4,0,2,67,8
0,1,0,0,58,12
100,0,0,6,54,12
0,4,1,0,57,8
92,0,1,6,41,9
70,4,0,4,32,12
10,4,1,0,38,13
80,1,0,4,24,8
85,1,1,6,64,10
85,0,0,4,36,8
60,1,0,6,60,9
75,0,0,1,63,8
0,4,0,1,60,10
30,1,0,4,63,12
3,3,0,3,86,9
0,4,1,0,59,13
0,3,1,2,40,12
0,4,1,0,40,11
15,4,1,2,42,13
63,0,1,6,30,11
0,3,1,2,63,12
5,3,0,0,26,9
72,1,1,6,39,9
89,0,0,6,28,12
100,0,1,6,76,9
86,0,0,3,42,9
70,0,0,3,32,12
60,1,1,5,43,11
0,4,0,1,32,12
60,2,0,6,58,4
90,0,1,6,63,13
15,2,1,0,32,13
70,0,0,6,46,9
85,0,0,6,51,9
95,1,1,6,85,10
85,0,1,5,50,8
6,2,0,5,49,12
2,3,1,0,68,13
0,3,0,2,30,12
3,4,1,0,46,10
80,1,0,6,27,13
30,2,1,1,60,13
85,0,1,6,31,12
1,4,1,0,46,11
85,1,0,5,53,13
0,4,1,0,37,7
0,3,1,1,63,13
41,2,0,4,58,12
70,1,1,5,32,12
1,0,0,0,54,12
0,1,0,2,18,8
100,0,1,6,48,10
70,0,0,6,55,10
1,4,1,2,50,13
1,0,1,1,46,10
30,1,0,2,35,11
60,2,0,3,52,9
0,4,1,0,33,13
60,1,1,5,42,11
0,4,1,2,18,8
50,0,0,3,60,9
100,0,1,5,58,8
0,4,0,3,29,11
0,4,0,3,29,8
85,0,0,4,49,12
41,1,1,4,25,12
51,1,0,4,36,9
1,4,1,2,35,13
60,0,0,5,52,8
0,4,1,2,32,13
17,2,1,3,22,8
0,2,0,1,35,11
0,4,0,0,64,10
0,4,1,1,66,8
85,1,0,5,58,12
16,4,1,0,31,12
0,4,1,0,65,8
30,3,1,3,72,15
0,4,1,0,51,13
2,3,1,0,45,9
30,3,0,0,51,11
61,1,0,6,30,12
0,3,0,2,42,12
100,0,1,6,28,12
85,1,1,6,69,8
70,2,0,5,45,13
1,4,1,0,87,15
1,4,1,1,74,8
61,1,1,6,35,9
50,2,1,0,56,8
0,4,0,4,50,15
85,1,1,5,67,9
60,0,0,3,39,8
35,2,0,2,36,12
71,0,1,3,56,12
62,2,0,5,19,9
85,0,0,4,57,12
70,2,0,1,48,9
70,0,1,4,37,11
0,4,0,0,58,13
0,3,0,2,22,12
30,1,0,3,24,12
70,1,1,5,60,11
30,1,1,5,27,13
0,4,1,0,54,15
0,4,1,0,40,15
85,1,0,3,68,12
40,0,1,3,42,9
0,4,0,0,65,13
0,3,0,0,66,9
15,3,1,0,50,8
0,4,1,0,90,7
15,4,0,2,32,12
30,2,0,4,33,13
1,4,1,1,25,12
0,4,1,0,48,13
75,2,1,3,31,12
93,1,0,6,41,8
40,0,0,3,84,9
70,2,1,3,32,11
60,1,0,2,25,11
5,3,0,0,57,13
97,0,0,1,19,8
0,4,1,1,32,13
86,1,0,4,56,9
24,4,0,5,50,11
15,4,1,0,53,9
82,1,1,4,48,8
0,4,0,1,25,8
85,2,0,4,77,8
0,4,1,0,19,8
85,2,1,6,82,13
85,1,1,3,42,10
60,0,0,4,22,12
31,1,1,4,39,12
15,2,1,0,35,9
85,1,0,6,58,11
0,1,0,1,32,11
40,2,1,5,36,12
0,2,1,3,29,8
90,2,0,6,68,15
0,4,1,0,67,13
0,4,1,0,79,12
95,0,0,4,59,12
60,2,0,3,61,13
0,3,0,3,48,15
2,4,0,3,54,12
100,2,1,4,80,9
0,4,1,1,30,12
30,2,1,0,90,5
1,4,0,0,37,8
85,0,0,6,49,9
0,1,0,6,29,8
0,4,1,0,59,9
0,4,0,1,38,9
15,3,1,1,47,12
0,4,0,0,67,9
51,1,1,3,43,7
0,4,1,1,57,9
0,4,1,2,41,12
98,0,1,6,61,8
100,2,1,6,64,8
0,4,1,1,27,15
60,1,1,6,64,12
0,4,1,2,21,9
60,2,1,2,70,12
0,4,0,0,65,12
17,4,0,1,64,12
30,1,0,4,76,13
0,4,1,1,25,9
60,2,1,4,90,12
40,1,0,2,64,10
100,0,1,6,69,12
85,0,0,6,25,9
50,4,0,1,31,10
85,2,1,4,76,9
6,4,0,0,70,11
90,2,0,1,37,11
71,1,0,6,38,12
100,1,1,6,69,11
15,3,0,3,34,12
85,1,0,4,59,10
70,1,1,2,28,8
0,4,0,0,56,12
0,4,0,2,34,8
97,2,1,6,54,12
17,0,1,3,52,10
0,4,0,1,55,12
1,2,0,0,64,8
0,4,1,1,29,13
0,0,1,0,66,12
0,3,0,1,71,9
17,2,1,0,81,8
0,4,1,0,22,8
2,3,0,1,78,9
61,3,0,5,54,12
60,0,0,5,64,12
5,2,0,2,34,12
15,2,1,5,30,15
85,0,1,6,71,8
30,3,1,2,20,9
0,4,1,0,55,7
85,0,0,6,67,9
2,4,1,0,63,8
15,4,1,2,55,9
70,0,1,4,62,6
0,3,0,0,83,13
0,4,1,0,46,8
31,2,1,1,61,9
85,1,1,6,63,12
60,2,1,4,44,11
0,4,1,3,63,8
0,4,1,1,36,13
70,1,1,6,54,12
30,2,0,4,64,9
32,1,0,6,85,12
85,0,0,6,65,11
0,4,0,0,30,12
15,3,1,5,54,15
0,3,0,2,33,14
15,0,1,3,67,9
0,4,1,0,20,7
0,3,1,1,56,12
0,0,0,4,57,8
0,0,0,3,76,9
27,4,0,3,64,13
50,0,1,1,42,12
2,4,1,2,35,13
84,0,0,6,29,7
61,0,1,4,62,9
3,0,1,3,61,11
0,4,0,0,75,8
41,2,0,0,56,8
0,4,1,0,27,12
30,4,0,1,19,8
40,3,0,0,56,10
60,2,0,3,73,9
0,3,0,1,56,14
15,1,0,2,25,12
50,2,1,5,51,9
0,4,1,0,64,13
0,4,1,1,20,9
60,1,1,6,56,12
100,2,0,6,34,9
0,3,0,0,38,6
0,4,0,0,50,12
85,1,0,0,61,7
62,1,0,5,62,10
3,3,0,2,30,8
70,2,1,3,27,8
0,4,0,1,48,13
1,2,1,0,66,7
9,4,1,0,31,3
5,3,1,5,33,9
60,2,1,5,48,11
40,2,1,4,62,13
0,3,1,1,59,8
60,2,0,4,19,9
0,3,1,0,21,9
60,2,1,6,64,8
80,1,1,5,51,8
0,3,1,1,44,11
3,4,1,3,72,9
0,2,0,0,72,12
0,4,1,6,47,12
0,4,0,0,52,11
100,0,1,1,33,12
100,0,0,5,35,12
15,1,1,0,51,9
15,4,1,0,45,12
15,3,1,2,55,9
0,2,0,2,24,12
0,4,1,1,21,9
55,1,0,4,47,12
1,4,1,0,68,12
50,3,0,2,39,9
0,4,1,2,51,3
40,1,1,1,71,8
10,4,0,2,58,12
15,4,0,0,37,8
0,4,0,1,67,13
0,4,0,3,50,12
88,2,1,6,25,12
10,4,1,0,37,8
15,3,1,0,28,14
60,1,0,5,58,12
70,1,0,6,38,12
0,4,1,0,68,8
93,0,0,3,84,8
15,4,0,1,62,12
100,0,0,6,65,11
33,2,0,3,26,12
60,0,1,5,65,9
0,3,1,0,67,9
15,3,1,4,54,9
61,1,0,6,36,13
15,4,1,0,63,13
60,4,1,3,51,9
85,1,1,5,62,9
89,1,1,4,39,9
0,3,1,0,54,12
0,4,0,1,63,8
75,2,0,6,72,12
7,2,1,2,30,12
85,0,1,1,44,9
85,2,1,6,73,10
0,2,1,2,75,8
61,1,0,6,47,15
0,1,1,1,42,13
0,2,1,0,53,11
50,1,0,3,67,10
15,3,1,1,69,13
85,4,1,6,59,8
0,3,0,1,63,14
70,0,0,4,29,12
85,0,0,5,67,8
81,2,1,6,27,12
0,4,1,0,66,8
7,3,0,0,55,13
15,4,0,0,23,8
1,4,0,0,57,7
30,4,0,3,61,12
15,1,1,1,50,11
0,4,1,2,68,12
61,0,0,5,46,14
100,1,0,4,66,9
0,4,0,0,65,13
53,1,0,2,61,14
15,4,1,2,44,11
30,4,1,1,62,9
0,3,1,0,27,12
0,4,1,0,35,13
62,0,1,4,51,9
0,2,0,0,56,13
50,4,1,5,44,8
0,0,1,0,53,11
0,4,1,4,37,9
15,3,1,0,68,12
70,3,1,4,61,8
0,4,0,6,68,12
71,1,0,5,82,13
0,4,0,0,69,12
0,3,1,0,60,12
0,4,1,0,30,9
30,2,0,1,67,9
75,1,0,1,33,9
60,2,1,3,43,11
84,0,1,6,61,9
0,4,1,0,25,12
0,4,0,0,56,10
15,4,0,2,53,9
85,0,0,6,69,9
86,2,0,5,47,8
0,3,1,1,36,12
85,2,1,5,81,10
100,1,0,6,53,10
100,0,0,5,68,9
0,4,0,3,18,8
1,4,0,0,76,8
2,4,1,0,68,12
0,3,0,3,45,9
30,3,0,1,31,13
1,4,1,2,25,12
61,0,1,3,32,9
0,4,0,0,54,10
0,4,1,5,20,8
96,1,0,6,65,12
2,3,1,0,60,10
0,4,1,0,63,9
0,4,1,1,28,9
0,4,0,2,42,13
40,2,1,3,60,8
15,4,1,0,57,12
50,1,1,6,76,12
70,2,1,6,62,9
86,1,1,6,31,12
15,3,1,2,34,13
30,2,0,5,39,12
0,4,0,0,54,9
61,3,0,1,63,9
0,3,1,2,35,9
75,1,0,6,32,12
80,0,0,4,30,9
25,2,0,2,31,8
0,2,1,0,26,8
15,4,1,0,42,8
30,0,0,0,68,12
0,4,1,0,65,13
65,0,0,6,22,9
86,1,1,5,36,10
15,2,1,3,28,13
40,1,1,2,58,12
85,0,0,6,60,12
0,4,1,2,35,12
0,4,1,0,47,9
2,4,1,2,39,10
0,3,1,0,53,9
0,0,1,3,53,9
60,2,1,5,46,9
85,2,0,6,30,9
0,3,1,0,42,8
0,4,1,0,53,13
0,3,0,1,31,12
60,4,1,5,60,11
85,1,0,5,41,9
56,3,0,6,23,9
55,1,0,4,38,13
80,4,1,1,39,12
16,2,0,2,35,9
0,2,0,4,20,11
2,4,0,3,51,4
60,0,1,4,71,11
1,2,0,1,25,15
0,4,1,0,70,13
20,4,1,1,38,12
0,2,1,2,28,11
30,2,0,5,32,13
60,1,0,4,33,12
0,4,1,0,79,8
60,3,1,5,40,13
50,1,0,6,66,13
0,4,1,0,69,13
0,3,1,4,46,12
1,1,0,6,38,10
2,4,0,0,50,9
0,4,0,3,32,8
0,3,0,2,68,13
0,4,1,3,22,8
70,0,0,4,56,7
70,1,0,6,55,12
51,4,0,3,64,8
0,2,1,5,54,8
32,2,1,5,36,13
0,3,1,0,20,12
30,1,0,4,69,14
15,2,0,1,27,14
51,0,1,5,86,8
1,1,1,0,57,8
51,3,1,2,40,9
0,2,0,1,36,10
16,3,0,0,44,13
15,2,1,2,55,4
0,4,1,1,33,12
0,4,1,2,58,9
85,0,0,6,56,9
40,1,1,1,57,9
30,4,0,2,28,12
0,3,1,0,37,11
60,0,0,4,45,12
77,1,1,3,43,11
0,4,1,1,37,14
0,4,1,0,66,13
15,2,1,5,76,12
1,4,1,0,75,8
100,0,0,3,72,8
0,4,1,0,26,12
40,2,0,2,72,12
0,4,1,3,38,14
16,2,1,3,35,9
70,0,1,4,67,6
100,0,0,6,63,12
100,0,1,6,78,9
70,1,0,5,24,9
15,4,0,0,66,12
99,0,1,4,57,8
15,4,0,2,52,8
0,4,1,1,39,12
95,1,0,1,35,9
16,1,1,0,46,6
60,1,1,4,72,10
85,0,1,6,62,8
60,3,1,5,78,9
0,2,0,3,26,9
15,4,0,0,33,12
85,0,0,6,52,8
90,0,1,4,69,10
0,1,0,1,39,8
40,1,1,5,50,8
72,1,1,5,59,12
90,0,0,6,35,11
1,4,0,0,25,8
100,0,1,6,58,12
1,3,1,0,22,12
70,2,0,4,46,9
70,0,0,3,27,11
1,3,1,0,37,10
0,4,0,1,19,9
50,2,1,0,67,10
9,1,0,1,39,8
85,0,1,5,59,12
5,4,0,0,57,11
30,2,0,2,47,12
15,2,0,3,31,9
60,1,1,6,23,9
15,3,0,0,71,9
0,4,0,1,68,8
70,0,1,6,49,12
30,2,0,6,61,9
60,2,0,4,72,9
51,1,1,3,41,9
1,4,1,0,23,12
0,4,1,0,57,9
0,4,1,0,84,9
1,4,1,2,54,12
60,1,0,1,58,9
0,2,1,2,38,9
1,4,1,0,71,13
60,0,0,0,57,9
85,0,1,6,63,9
85,3,1,3,29,8
50,2,1,2,73,8
85,1,1,5,25,11
0,4,1,0,70,13
0,4,1,2,68,9
60,0,0,6,70,13
30,1,0,5,34,12
60,0,0,4,35,12
70,2,1,6,90,9
85,0,1,5,49,8
70,0,1,5,53,12
50,0,1,6,58,9
0,2,1,1,39,9
43,0,0,4,64,12
59,2,1,4,66,12
100,3,0,0,27,8
61,0,1,5,62,13
0,2,1,0,46,9
0,4,1,1,81,10
60,1,0,6,72,12
85,1,1,4,65,8
30,2,1,4,37,8
4,4,0,0,78,9
0,4,1,0,72,12
0,4,1,2,81,5
100,0,0,5,70,8
15,4,1,2,65,8
60,0,1,0,82,8
40,2,0,4,36,15
93,0,0,6,30,9
0,4,1,0,79,11
0,4,0,1,57,12
1,0,0,2,35,10
31,2,0,4,74,14
70,1,0,6,52,12
60,1,1,4,71,10
0,2,0,3,28,12
0,4,1,1,58,9
30,3,1,3,78,9
0,3,1,0,76,13
30,4,0,2,60,5
86,2,0,6,24,9
40,1,1,2,57,13
42,4,1,5,42,11
62,2,1,5,46,13
46,1,1,5,51,12
0,4,1,3,58,9
90,1,1,4,32,13
17,1,1,4,61,11
60,1,1,5,32,12
70,1,1,5,79,8
85,0,0,6,59,8
29,1,0,1,20,11
0,2,1,6,68,12
99,0,1,6,57,10
0,4,1,0,34,8
16,3,0,1,74,13
0,4,0,1,61,8
15,4,1,0,50,10
2,4,0,0,32,8
60,2,0,5,56,12
69,0,1,4,24,7
40,2,1,1,36,11
17,4,1,0,68,8
0,4,1,0,55,9
0,4,1,1,33,8
60,1,1,5,26,15
0,4,0,0,45,9
15,0,1,3,37,9
40,2,0,4,60,15
100,1,0,3,18,7
85,2,1,5,64,9
26,3,1,2,25,9
0,3,1,0,72,13
15,2,1,0,32,13
69,4,1,5,34,11
85,2,0,4,72,14
70,1,0,5,37,13
0,1,0,0,68,9
0,4,1,0,31,13
75,0,0,6,66,9
60,0,1,0,60,12
0,2,0,3,51,10
31,2,1,5,24,10
100,2,1,6,63,8
60,2,0,1,58,8
99,0,0,6,32,9
60,0,0,4,36,13
78,1,1,4,39,13
40,2,1,5,64,9
32,0,0,3,44,10
3,4,1,5,29,12
100,0,1,6,41,13
0,2,1,2,30,8
0,4,0,2,56,12
0,2,1,2,39,13
60,0,0,4,70,12
100,1,0,6,19,8
60,1,0,2,41,8
0,4,1,1,21,9
5,3,1,1,25,13
40,2,0,5,18,6
20,3,1,1,68,9
0,4,0,0,25,12
0,1,1,5,30,13
0,4,1,3,62,8
25,3,0,5,20,8
0,4,1,2,56,13
15,1,0,3,51,8
80,1,0,6,55,11
56,3,0,3,24,13
65,2,0,6,49,12
1,4,0,0,27,9
40,1,1,3,60,9
30,0,0,3,35,9
0,2,0,2,45,9
31,3,0,2,74,9
40,1,0,3,39,13
0,2,0,3,37,8
0,4,0,1,32,9
0,4,1,0,58,13
0,4,1,1,31,13
42,2,1,5,39,12
5,4,0,1,18,8
70,2,1,5,45,15
95,0,0,6,56,9
0,4,1,2,40,9
0,3,1,2,42,12
0,4,0,2,63,12
0,4,1,1,29,12
0,3,0,2,55,12
100,0,1,5,73,13
99,1,0,3,55,8
0,4,0,2,45,12
0,3,1,0,90,13
50,2,1,1,49,12
70,2,1,5,59,9
50,1,0,6,28,8
70,0,0,3,61,8
1,4,1,0,31,9
100,0,1,6,22,7
0,4,1,0,27,12
71,2,0,5,32,9
40,2,0,4,45,9
70,2,1,3,47,9
70,0,0,3,24,12
22,2,1,2,20,9
0,4,0,0,26,10
0,4,1,0,74,9
70,2,1,3,76,8
40,0,0,5,66,12
61,1,1,6,52,12
100,0,0,6,78,5
0,2,1,0,67,13
71,2,1,5,63,10
70,2,1,6,71,12
0,4,0,3,35,4
85,0,1,6,68,8
0,3,0,3,66,8
0,0,0,0,19,7
2,3,0,2,45,12
1,4,1,1,52,10
90,0,0,6,78,14
100,1,1,6,59,8
2,4,0,0,47,12
0,4,1,0,66,12
0,4,0,0,32,12
70,2,0,4,69,12
96,0,1,5,23,9
30,2,0,3,60,13
0,3,1,0,41,13
1,3,0,1,86,6
84,1,1,5,24,12
0,4,1,0,62,13
59,4,1,5,43,9
85,0,0,4,73,12
0,4,1,1,20,9
0,4,0,1,30,10
40,1,1,5,27,12
0,4,0,1,26,12
30,2,0,4,48,11
2,4,1,0,48,12
60,0,1,1,68,13
60,2,0,6,29,12
0,4,0,2,84,12
70,0,1,5,56,12
0,4,1,0,58,12
85,4,0,1,34,4
15,4,0,0,57,10
0,4,0,2,36,10
61,0,0,3,61,9
85,2,0,6,49,10
1,4,1,1,26,9
60,0,1,5,54,12
0,3,1,5,31,14
61,1,0,4,73,8
100,0,1,6,50,13
15,4,0,2,51,8
0,3,1,0,78,12
100,0,0,6,38,13
17,1,1,2,55,12
64,1,0,6,53,9
60,0,1,4,40,11
70,3,0,3,67,15
90,1,0,6,41,11
43,4,0,1,27,9
30,1,0,5,53,9
4,4,0,0,61,8
62,2,0,6,66,8
100,0,0,6,35,12
15,4,1,1,55,12
60,1,0,5,70,12
0,4,1,6,27,8
1,2,0,3,66,14
40,1,1,1,29,9
0,4,0,2,33,12
85,0,1,5,60,12
40,0,0,4,61,12
0,4,0,3,59,12
0,2,0,3,82,8
6,4,1,2,25,13
60,1,0,6,59,12
20,3,0,0,22,12
60,2,0,5,50,9
0,4,1,0,45,8
1,3,1,0,51,12
0,4,1,0,63,11
50,0,1,5,52,12
0,4,1,0,18,6
100,1,1,6,75,9
60,2,0,5,68,11
0,2,0,0,56,12
70,1,0,6,48,12
60,2,0,5,19,9
0,4,1,3,65,12
50,0,0,4,47,13
15,4,1,0,56,12
100,1,1,3,71,12
71,1,1,6,33,14
100,1,0,6,69,11
16,4,0,2,62,15
60,0,1,6,62,9
70,1,0,2,64,10
0,4,0,0,54,9
0,4,0,1,60,13
0,4,1,0,37,13
1,4,1,0,22,9
30,4,0,5,75,12
0,2,0,6,73,9
30,3,1,1,69,12
2,3,1,2,37,13
16,3,0,1,58,13
95,2,0,6,53,12
0,3,1,0,28,13
0,4,0,0,72,15
82,1,1,5,27,9
1,4,1,0,36,13
15,3,1,0,83,9
70,2,0,5,32,12
85,0,0,6,78,15
100,1,0,4,82,8
8,3,1,0,90,8
15,2,1,3,44,11
0,4,0,3,66,13
50,2,1,3,49,8
85,0,1,6,50,9
70,2,1,3,36,10
100,0,0,6,90,3
0,4,0,1,35,12
0,3,1,0,39,13
70,2,0,3,27,8
0,4,1,0,22,8
100,0,0,6,35,8
0,4,1,0,60,12
6,4,1,0,70,9
30,1,0,3,22,9
0,4,1,1,31,9
85,2,1,3,56,15
1,3,0,1,33,9
3,0,1,1,56,10
0,4,1,2,20,8
1,3,0,1,27,8
2,4,1,1,48,13
0,4,0,0,27,7
20,1,0,4,26,12
30,4,1,1,60,9
40,0,1,3,89,9
31,4,0,3,64,9
85,2,1,6,45,9
85,0,0,6,81,12
0,4,0,3,22,11
41,4,1,1,71,9
61,1,0,3,66,8
85,1,1,6,56,8
85,2,1,5,66,12
0,2,1,0,57,15
85,0,1,1,77,5
50,0,1,6,33,12
85,0,1,5,30,13
70,1,0,5,50,9
0,4,1,1,25,8
0,3,1,3,64,9
2,3,0,0,37,9
60,2,1,4,20,10
70,0,1,5,70,12
60,2,0,1,23,8
21,3,0,2,42,12
1,2,1,2,36,8
0,1,1,2,30,6
2,4,0,1,70,12
0,3,0,0,74,15
10,2,0,4,37,15
39,0,1,0,75,8
0,4,1,0,69,13
50,1,0,4,82,9
90,0,0,6,70,13
0,4,1,5,39,12
9,3,1,2,25,12
55,0,1,1,42,11
2,4,1,0,76,8
40,3,1,3,63,13
30,0,0,3,43,3
70,1,1,3,68,8
15,3,0,4,65,13
70,2,0,6,87,8
70,2,0,4,45,12
0,3,0,2,34,12
0,1,0,3,43,9
0,3,1,0,55,13
60,2,1,1,65,8
71,0,0,6,40,10
50,0,1,4,25,13
100,3,0,4,62,14
0,3,1,1,60,12
70,1,0,4,49,8
0,3,1,0,34,8
0,3,1,0,37,12
70,0,1,5,54,12
1,3,0,1,29,12
60,2,0,4,70,10
5,4,0,3,20,9
85,0,1,6,48,12
60,2,0,6,58,9
30,2,0,3,61,14
70,0,0,6,90,9
62,0,0,3,88,12
0,4,0,2,32,12
62,2,0,5,28,12
0,4,1,0,78,15
2,4,1,1,63,13
15,4,1,0,54,9
42,2,0,1,81,8
100,0,0,6,59,10
22,4,1,4,42,13
70,0,1,6,60,9
0,4,1,0,41,13
65,2,0,6,34,12
0,4,1,0,55,13
60,0,1,6,72,13
1,3,0,2,58,12
0,4,1,0,54,12
2,1,1,1,37,14
15,2,1,4,33,9
40,0,0,3,63,10
30,2,1,6,64,12
0,4,1,0,56,9
100,0,0,6,51,9
50,1,0,3,68,12
0,4,1,1,63,9
0,2,0,2,32,12
61,2,0,4,56,8
1,4,1,0,53,12
70,0,0,5,55,7
1,4,0,5,66,13
100,0,1,0,68,4
0,4,1,0,68,8
73,1,1,5,44,9
15,4,1,4,31,12
45,1,0,2,39,9
30,3,1,0,67,11
0,3,1,4,53,11
2,4,1,2,19,8
0,3,1,3,67,7
15,4,0,0,46,8
70,0,1,6,57,8
0,4,1,3,28,12
0,4,1,0,61,12
61,0,1,4,48,10
0,4,1,2,55,13
40,1,0,5,32,13
30,4,0,0,60,5
61,2,1,6,61,10
2,4,1,0,31,9
0,3,0,0,28,12
0,4,1,0,64,13
40,4,0,3,86,8
0,4,0,0,53,14
85,1,1,6,35,8
0,4,1,0,31,8
0,2,1,1,35,8
100,0,0,6,28,8
15,3,1,2,42,10
0,4,0,0,39,7
0,3,1,0,63,9
71,0,0,6,56,9
0,4,0,0,58,13
30,2,1,5,22,12
100,1,1,6,62,14
10,4,0,2,23,12
0,1,1,0,45,13
54,2,1,4,49,10
40,1,0,3,44,15
0,4,0,0,54,12
1,3,0,2,76,13
85,0,1,6,42,13
3,4,1,0,55,9
85,2,1,2,55,9
0,4,1,2,71,9
100,0,1,6,71,8
40,4,0,5,31,11
70,0,1,6,55,10
60,1,1,6,40,8
30,3,0,4,60,13
0,4,1,5,45,13
0,4,1,1,62,9
60,3,1,4,34,14
0,4,0,3,45,12
0,4,1,0,28,13
90,1,1,6,55,13
0,3,1,1,48,12
0,4,1,0,59,13
4,2,0,0,30,6
70,0,0,3,61,9
60,1,0,5,51,12
0,4,1,1,25,12
85,0,1,3,47,5
30,4,1,0,66,13
0,0,1,0,26,12
2,3,1,2,30,8
0,0,0,2,66,15
70,0,1,3,74,8
15,2,1,0,69,10
0,3,1,2,71,13
0,4,1,1,43,9
70,1,1,6,26,12
85,2,1,4,64,11
1,4,1,0,27,12
100,4,1,1,54,8
70,2,1,5,41,9
60,2,0,4,27,12
100,2,1,5,58,9
0,4,0,0,32,14
0,3,0,2,41,9
30,2,1,1,28,13
40,3,1,4,59,12
0,4,0,0,21,9
85,0,1,6,36,9
15,3,1,5,45,12
75,2,0,5,21,8
0,4,0,0,64,12
70,0,0,6,61,13
0,3,1,0,36,9
0,4,0,2,46,9
100,1,1,6,29,9
1,2,1,0,61,9
0,4,1,5,49,13
0,1,0,0,65,8
85,1,0,5,41,9
86,0,0,4,72,9
0,4,1,2,71,13
85,1,0,4,51,10
70,2,0,1,58,9
1,4,0,2,33,10
70,0,1,6,66,8
0,3,0,2,62,9
0,4,0,1,33,10
60,0,1,3,39,13
15,4,1,4,20,12
71,0,0,4,60,9
15,0,1,2,77,15
86,0,0,6,48,9
5,4,1,1,30,13
0,4,1,0,35,13
0,4,0,1,49,12
0,4,0,0,21,8
80,1,0,5,23,8
30,4,1,0,35,6
0,4,1,1,40,9
30,2,0,4,50,12
15,4,1,1,26,13
50,2,1,3,29,13
0,3,1,2,38,7
5,0,0,4,56,13
27,3,0,3,32,5
0,4,1,1,30,10
0,4,1,0,47,12
97,2,1,4,18,4
15,4,1,2,61,11
100,0,1,6,55,9
60,2,0,5,37,13
100,2,0,6,76,11
60,2,1,5,62,10
1,3,0,3,55,13
15,2,0,1,28,11
70,1,1,6,70,12
30,3,1,1,43,13
0,4,1,0,52,13
30,2,1,3,18,7
0,4,1,1,41,14
1,4,0,0,66,13
100,0,1,6,33,12
0,4,0,1,51,12
85,0,1,6,77,9
60,3,1,5,46,10
99,0,0,6,61,8
0,4,1,0,64,12
70,2,0,1,55,10
0,4,1,1,45,13
0,4,0,0,59,12
60,2,1,3,56,12
0,2,0,2,42,11
86,1,0,3,47,8
1,4,0,0,63,8
0,4,0,0,57,9
0,4,1,0,76,1
63,1,1,6,63,9
30,2,1,5,29,12
0,0,0,3,49,9
85,2,1,3,23,12
0,1,1,1,29,12
85,2,0,6,35,8
0,3,1,1,62,9
0,4,0,0,43,9
60,1,0,5,35,15
100,0,0,6,72,11
0,4,0,1,66,7
0,4,0,2,89,12
0,4,1,4,24,13
30,1,1,4,48,9
0,4,1,1,44,12
0,4,1,2,23,12
30,2,0,1,59,8
60,1,1,5,48,12
3,4,1,2,58,15
60,1,0,6,76,12
85,0,1,6,67,6
67,2,0,4,70,9
0,4,1,2,33,12
70,1,0,5,27,12
15,0,0,0,67,9
0,4,1,0,65,12
30,1,1,2,68,9
65,1,0,3,46,10
0,0,0,3,58,13
15,1,0,2,63,13
75,2,0,6,77,13
15,4,0,1,19,11
70,2,0,6,36,12
0,0,0,0,56,13
4,3,0,1,43,9
0,4,1,1,58,12
0,4,1,1,67,8
100,0,0,6,57,9
85,4,0,6,53,12
0,4,0,5,75,13
70,2,0,1,59,13
0,1,1,6,58,13
15,4,0,3,34,9
0,4,1,0,31,12
17,0,0,5,41,13
2,4,1,4,54,15
0,2,1,0,64,8
0,4,1,0,52,9
0,4,0,2,32,12
31,2,0,4,66,12
85,0,0,6,68,11
0,4,0,0,46,9
30,1,0,5,23,12
68,1,0,6,58,6
0,4,1,1,40,10
64,1,1,6,37,13
15,4,1,0,51,10
0,3,0,1,50,12
40,2,1,2,25,13
60,0,0,4,41,13
70,1,1,6,55,11
0,4,0,2,70,8
77,0,1,0,55,8
70,0,1,4,20,9
89,1,0,4,62,10
50,1,0,5,72,8
0,4,1,1,53,11
60,1,0,6,53,8
15,2,0,5,79,12
0,4,0,2,40,8
40,3,1,3,68,7
0,4,0,2,31,13
0,4,1,3,38,9
60,2,1,5,32,11
15,3,0,1,51,14
70,1,1,6,59,12
0,4,1,1,38,8
0,4,0,0,75,8
0,4,0,0,68,7
30,3,0,1,77,7
0,4,0,2,27,9
35,1,0,3,42,13
60,2,0,5,64,12
30,3,1,0,78,8
0,4,0,0,67,12
49,1,0,3,42,12
60,2,1,6,52,12
93,0,1,5,24,9
1,4,1,0,78,12
1,2,0,1,65,12
60,1,1,6,58,11
0,4,1,0,88,8
0,4,1,2,34,13
30,2,1,1,33,11
15,1,1,3,72,9
15,2,0,1,60,7
100,0,1,6,35,9
0,3,1,0,47,12
0,4,0,0,68,12
15,0,1,6,43,12
100,0,1,1,60,9
85,0,1,6,40,12
0,4,1,0,60,13
75,2,0,4,32,12
75,2,1,4,43,12
0,4,0,1,25,12
60,3,1,4,63,9
60,3,0,1,66,9
0,4,1,0,80,11
1,4,1,2,56,9
85,1,1,5,58,11
85,0,0,6,61,9
49,2,0,1,29,10
0,4,1,0,74,13
40,3,1,3,73,9
0,4,0,3,44,11
40,1,1,1,68,8
60,4,1,3,39,8
0,2,0,1,34,7
50,1,1,3,47,12
0,1,1,2,67,8
16,3,1,1,49,15
72,1,1,6,76,11
30,2,0,1,53,7
0,4,0,0,76,8
0,4,0,2,68,13
100,0,0,3,67,15
60,3,0,6,71,12
41,2,1,5,71,9
50,1,0,0,59,7
100,0,1,4,47,12
71,1,1,5,76,13
85,0,1,1,51,11
85,0,0,6,63,10
0,4,0,0,20,8
0,0,0,1,31,10
86,2,1,6,39,12
0,2,1,1,52,10
0,1,1,3,57,13
70,2,1,6,79,12
0,4,1,1,58,11
99,0,1,6,80,9
3,2,1,4,70,13
1,1,0,1,62,8
70,0,1,4,77,8
70,1,0,5,32,12
60,1,1,5,63,12
60,1,1,4,82,14
0,4,0,0,49,7
100,2,0,0,48,12
30,4,1,4,64,9
0,4,1,0,45,12
0,3,1,0,60,12
50,2,0,5,47,8
0,4,1,1,26,9
42,3,0,5,51,13
0,3,0,2,37,13
0,2,1,5,66,8
60,4,1,3,46,8
50,2,1,1,32,9
15,1,1,1,52,10
30,0,1,3,39,9
61,0,0,3,59,8
3,3,0,3,69,8
70,0,0,6,69,9
70,1,0,1,69,9
30,4,0,1,19,9
100,0,0,6,49,12
15,4,1,2,56,14
0,4,0,2,75,2
0,4,1,0,32,8
85,0,1,6,61,14
0,3,1,0,68,13
0,4,0,0,43,10
86,1,1,3,46,8
20,3,1,1,26,11
100,0,0,3,47,9
70,1,0,5,40,10
60,4,1,6,37,13
0,1,0,0,58,6
54,2,1,5,59,12
60,1,0,2,44,8
0,3,1,2,54,12
30,1,0,3,65,8
15,3,0,1,39,8
15,3,1,6,43,13
0,2,1,0,20,8
0,4,0,0,26,12
0,4,1,0,59,8
0,4,0,0,24,10
85,0,1,5,30,9
85,0,1,1,58,11
85,0,1,5,78,9
0,3,1,3,47,12
9,4,0,5,55,8
0,4,1,2,41,13
2,1,1,1,39,8
0,4,0,6,59,9
85,2,0,5,48,12
0,0,0,3,53,8
0,4,1,3,41,6
0,2,0,5,48,12
70,2,0,6,80,8
40,2,0,2,53,9
0,4,0,0,30,9
20,2,0,2,60,15
70,2,0,4,72,13
0,0,1,3,29,9
70,0,1,5,68,10
70,2,0,4,31,11
0,4,1,0,32,10
55,0,0,3,35,11
0,4,1,5,43,12
70,1,1,6,31,9
45,1,0,2,54,12
70,2,1,6,22,8
0,4,0,0,65,12
0,4,0,0,28,12
16,1,0,1,50,8
15,4,1,6,21,9
60,2,1,6,63,9
49,3,1,6,66,8
0,3,0,1,42,8
0,4,0,0,19,8
15,2,1,3,59,12
0,2,0,2,34,12
0,4,0,2,23,12
70,2,0,6,49,9
0,3,0,0,65,14
0,4,1,0,33,13
60,2,1,3,59,9
0,2,1,3,44,13
15,2,0,0,65,12
100,0,1,6,56,8
0,0,0,3,45,8
50,1,1,6,67,15
2,4,1,0,58,12
0,4,0,3,66,9
0,4,1,0,37,3
98,1,0,6,27,10
16,3,1,2,30,9
0,3,0,0,78,15
0,1,0,0,26,12
2,4,1,4,40,13
0,4,0,2,63,9
60,0,1,6,67,10
40,1,1,3,38,13
5,0,0,3,59,12
60,1,1,3,86,6
86,0,1,6,45,10
0,0,0,0,63,9
100,1,1,6,66,11
63,1,1,4,41,12
0,3,0,5,48,12
70,0,0,0,65,10
85,1,1,1,73,11
0,4,0,3,55,5
0,0,1,5,26,9
100,0,1,1,47,11
83,2,0,5,69,12
0,4,1,0,41,11
0,1,0,6,54,12
70,0,0,6,52,8
67,0,1,4,56,13
0,4,0,0,70,13
70,0,1,6,34,11
100,1,0,6,73,12
2,4,0,0,60,12
70,2,1,6,58,8
0,3,0,3,23,8
85,0,1,5,31,9
60,1,0,4,44,12
85,2,0,1,20,8
70,0,0,4,61,9
0,4,1,6,62,9
0,3,1,1,35,8
60,2,1,4,60,14
70,3,0,6,58,8
0,0,1,1,37,9
0,4,1,5,40,12
15,2,0,0,43,13
60,2,1,1,61,9
30,2,1,1,56,13
1,3,1,1,31,12
15,3,0,1,18,9
40,4,1,5,36,12
0,4,0,2,26,9
0,3,1,2,59,12
0,4,0,0,59,8
0,4,0,0,20,9
70,3,1,3,90,12
61,2,1,6,46,15
0,1,1,1,58,8
86,0,1,6,73,9
45,2,1,4,39,12
0,2,1,1,22,12
85,0,0,4,40,10
15,3,0,0,67,8
0,4,0,1,23,8
60,2,0,3,27,8
8,4,1,0,55,13
60,1,0,6,51,12
2,4,1,0,68,8
1,4,1,0,36,11
0,1,1,3,38,11
0,3,1,0,65,9
41,1,1,5,90,8
0,4,0,6,24,12
0,4,1,0,66,12
0,4,1,0,45,13
60,0,1,5,77,8
70,4,0,5,50,12
94,0,0,6,72,11
15,2,1,3,28,6
0,4,1,2,49,10
100,0,0,6,70,8
2,2,1,0,33,9
0,2,1,2,24,12
0,4,1,2,49,9
60,0,1,3,26,9
0,3,0,2,37,12
40,2,0,1,50,8
100,1,1,6,90,13
0,1,1,1,26,13
15,3,0,0,71,8
0,4,1,0,37,13
50,3,0,3,27,8
60,1,1,6,54,9
0,4,0,1,58,10
50,0,1,3,40,12
70,1,1,3,43,11
100,0,1,6,72,9
60,3,1,3,42,13
17,1,0,3,45,10
85,0,0,6,68,12
50,2,1,3,20,9
70,1,1,1,48,9
60,0,1,4,40,9
60,0,0,4,64,11
0,3,1,0,47,7
0,3,1,1,66,13
71,0,0,6,60,12
87,0,1,4,28,10
30,2,1,3,30,12
85,0,0,6,56,9
0,3,1,4,43,14
30,1,0,1,66,8
0,4,1,0,79,9
2,3,1,2,80,9
0,4,0,0,81,15
50,4,1,3,64,4
0,4,0,0,59,6
30,2,1,1,25,12
0,4,0,3,42,9
0,2,0,5,53,10
0,4,0,0,67,11
0,4,0,5,67,9
0,3,1,0,70,13
40,4,1,0,20,9
0,4,1,1,26,9
85,2,0,6,60,12
40,4,0,0,43,8
40,0,0,2,32,11
5,3,0,3,26,12
70,1,0,6,61,12
85,1,0,6,46,12
15,2,1,2,40,10
0,0,1,0,63,9
12,0,1,0,35,10
50,2,1,3,19,5
0,4,0,0,47,9
0,4,0,0,51,13
3,3,1,6,25,12
1,4,1,0,46,14
15,3,0,2,19,9
74,1,1,5,27,9
60,0,0,5,63,12
0,3,0,1,29,12
40,3,0,2,31,11
0,2,0,3,60,9
85,1,0,5,34,8
85,0,0,6,80,8
0,1,1,2,22,9
85,1,1,6,75,12
0,0,0,0,52,9
0,4,0,0,22,8
60,0,1,4,39,14
40,1,1,5,45,9
0,3,1,2,58,13
40,2,1,6,57,11
0,4,1,2,35,15
69,0,0,1,44,13
61,2,1,4,49,13
50,2,0,0,63,12
30,1,0,1,46,12
85,0,0,4,57,9
3,4,1,0,26,9
15,2,1,3,70,12
74,3,1,4,33,10
2,2,0,1,24,12
60,0,0,4,81,13
60,2,1,1,21,14
15,3,0,2,33,8
85,1,0,3,41,9
0,4,1,0,47,10
0,4,0,0,73,15
15,4,0,0,28,13
100,0,0,6,73,3
15,2,0,1,29,15
73,1,0,5,29,12
0,3,1,0,72,12
85,1,0,4,74,12
75,0,1,6,22,11
0,0,0,1,58,13
60,3,0,6,47,12
40,2,1,1,56,9
0,0,1,6,31,12
40,0,1,1,24,8
0,4,1,0,69,13
2,3,1,4,57,11
70,0,0,5,72,13
85,0,0,6,29,11
0,1,1,3,77,8
0,4,1,0,39,13
0,4,1,3,59,11
0,4,1,0,72,9
0,4,1,0,35,5
85,1,0,4,64,8
2,4,1,0,60,10
70,0,1,6,24,9
0,4,1,1,35,12
0,4,1,0,32,12
0,4,0,0,34,13
1,2,0,2,65,9
60,3,1,4,35,12
87,2,0,6,41,8
0,4,0,0,57,9
0,2,1,0,37,4
30,0,0,3,46,12
0,2,1,1,60,13
70,2,0,4,51,9
85,2,1,4,61,9
30,1,0,2,65,9
60,1,0,5,66,12
60,1,0,4,51,9
85,0,0,3,50,8
0,2,1,5,40,13
30,4,1,5,70,12
85,0,1,4,73,9
0,4,0,0,55,9
51,0,1,4,32,9
100,0,0,6,55,9
86,1,0,5,24,9
72,1,0,4,69,9
94,1,1,3,45,11
15,4,1,0,53,15
3,4,0,5,55,12
40,2,1,4,58,9
90,0,0,3,32,8
0,3,0,3,74,8
100,0,0,4,70,9
2,3,1,0,54,12
0,4,1,3,46,8
60,1,1,5,54,12
0,4,1,0,47,8
0,4,1,2,57,11
60,1,1,6,51,13
60,1,1,5,79,3
90,1,0,6,47,12
17,4,1,3,22,9
0,4,1,1,32,12
0,4,1,1,37,11
1,4,0,0,38,12
1,4,1,3,42,4
1,3,1,0,32,11
0,4,0,0,53,9
4,2,1,0,43,9
60,1,0,4,67,9
90,0,0,5,19,8
10,3,1,0,28,13
0,3,0,1,43,12
100,4,0,3,28,11
1,4,0,0,46,7
70,1,0,4,31,13
3,4,1,1,21,11
0,4,1,2,59,13
100,0,1,5,49,11
15,4,0,0,47,9
15,2,0,1,37,9
2,1,1,3,40,8
1,3,0,0,45,9
76,1,1,6,85,8
40,3,1,2,32,9
42,1,1,4,51,13
30,3,1,4,33,11
0,4,0,0,32,9
0,4,0,0,68,9
0,4,0,2,43,12
0,4,0,2,31,13
100,0,1,5,80,9
0,2,1,3,27,8
68,1,0,2,44,11
70,2,0,0,32,9
70,0,0,6,39,10
85,0,0,6,56,7
85,0,1,4,23,9
85,1,1,6,59,8
85,1,1,2,25,8
0,4,0,0,54,8
30,1,1,3,40,9
100,0,1,4,70,9
69,1,1,4,59,9
70,1,0,4,78,13
0,4,1,1,30,14
50,2,0,1,64,10
71,1,0,1,58,10
15,2,1,3,52,13
100,2,0,6,61,8
0,4,1,2,51,9
30,4,1,1,22,9
60,1,1,3,70,12
90,0,0,4,27,8
0,3,0,2,64,12
0,4,1,3,21,8
2,4,1,0,59,9
70,0,0,3,72,8
52,2,0,5,37,11
15,4,0,0,41,8
0,4,1,2,24,11
40,2,1,4,54,8
100,0,0,5,77,12
61,0,0,6,67,12
60,4,0,3,18,8
15,3,1,1,54,13
0,4,0,0,39,8
65,2,0,4,20,9
0,4,0,0,41,8
0,1,1,1,59,12
15,3,0,1,58,5
84,0,1,4,60,8
81,2,1,4,48,8
90,2,1,6,33,12
40,4,0,3,64,8
0,3,1,0,56,8
50,3,1,0,46,12
85,1,1,4,67,9
0,1,1,2,33,9
70,0,0,4,22,8
86,0,1,5,30,12
2,4,0,1,68,8
0,4,1,0,41,14
95,1,1,6,75,10
60,0,1,2,39,12
0,3,0,0,39,13
85,0,1,6,64,13
0,4,1,0,36,10
0,4,1,0,67,13
60,2,0,5,61,12
30,0,1,5,54,10
40,1,0,6,69,12
97,0,0,4,53,9
2,2,0,2,21,8
100,0,0,6,75,8
2,4,1,0,59,12
0,4,1,5,68,7
0,3,1,0,35,15
70,0,0,3,47,8
0,4,0,0,24,5
95,0,1,6,71,8
100,1,0,6,72,11
0,2,0,3,31,8
86,0,0,6,49,9
0,3,0,5,69,12
0,4,1,1,39,11
100,0,1,6,59,13
0,1,0,0,52,12
0,2,1,1,61,12
0,4,1,2,74,13
100,0,1,6,67,12
0,4,1,1,22,11
0,3,1,3,69,9
0,4,1,0,53,9
30,3,0,2,20,9
60,0,0,5,74,12
70,0,1,5,29,8
1,4,1,0,47,13
0,3,0,5,72,12
0,3,1,0,34,13
95,0,0,6,44,8
0,4,1,1,37,12
15,1,1,1,49,13
85,2,0,6,48,12
60,2,0,5,67,9
87,1,0,6,55,9
40,0,0,4,35,4
15,2,1,4,28,10
1,4,1,0,61,8
0,3,0,0,43,9
40,1,0,3,44,8
60,0,1,6,23,7
57,2,0,5,58,9
0,2,1,3,48,12
0,4,1,0,59,10
100,0,1,6,65,9
14,3,0,0,82,12
85,0,1,3,46,11
70,0,1,6,36,12
0,4,1,1,38,13
12,3,0,5,32,12
70,0,0,4,54,8
86,1,0,6,34,9
0,4,1,6,42,12
84,1,1,0,52,8
5,3,0,1,21,9
3,2,1,0,37,12
86,0,0,1,27,8
0,4,1,0,39,11
